C1_OBJ_NM,DT,C1,PRD_SE,UNIT_NM_ENG,ITM_ID,TBL_ID,ITM_NM,TBL_NM,PRD_DE,LST_CHN_DE,C1_NM_ENG,C1_NM,UNIT_NM,ORG_ID,C1_OBJ_NM_ENG,lcName
소재지(시군구)별,17317258219,15315HJG000,A,㎡,16315T2008_0012,DT_1YL21291E,도시지역면적,도시지역면적(시도/시/군/구),2008,,Total,전국,㎡,101,By Administrative District,전국
소재지(시군구)별,17420225241,15315HJG000,A,㎡,16315T2008_0012,DT_1YL21291E,도시지역면적,도시지역면적(시도/시/군/구),2009,,Total,전국,㎡,101,By Administrative District,전국
소재지(시군구)별,17492203102,15315HJG000,A,㎡,16315T2008_0012,DT_1YL21291E,도시지역면적,도시지역면적(시도/시/군/구),2010,,Total,전국,㎡,101,By Administrative District,전국
소재지(시군구)별,17558814700,15315HJG000,A,㎡,16315T2008_0012,DT_1YL21291E,도시지역면적,도시지역면적(시도/시/군/구),2011,,Total,전국,㎡,101,By Administrative District,전국
소재지(시군구)별,17587130337,15315HJG000,A,㎡,16315T2008_0012,DT_1YL21291E,도시지역면적,도시지역면적(시도/시/군/구),2012,,Total,전국,㎡,101,By Administrative District,전국
소재지(시군구)별,17593378293,15315HJG000,A,㎡,16315T2008_0012,DT_1YL21291E,도시지역면적,도시지역면적(시도/시/군/구),2013,,Total,전국,㎡,101,By Administrative District,전국
소재지(시군구)별,17596849134,15315HJG000,A,㎡,16315T2008_0012,DT_1YL21291E,도시지역면적,도시지역면적(시도/시/군/구),2014,,Total,전국,㎡,101,By Administrative District,전국
소재지(시군구)별,17613681961,15315HJG000,A,㎡,16315T2008_0012,DT_1YL21291E,도시지역면적,도시지역면적(시도/시/군/구),2015,,Total,전국,㎡,101,By Administrative District,전국
소재지(시군구)별,17609522529,15315HJG000,A,㎡,16315T2008_0012,DT_1YL21291E,도시지역면적,도시지역면적(시도/시/군/구),2016,,Total,전국,㎡,101,By Administrative District,전국
소재지(시군구)별,17635879004,15315HJG000,A,㎡,16315T2008_0012,DT_1YL21291E,도시지역면적,도시지역면적(시도/시/군/구),2017,,Total,전국,㎡,101,By Administrative District,전국
소재지(시군구)별,17788926660,15315HJG000,A,㎡,16315T2008_0012,DT_1YL21291E,도시지역면적,도시지역면적(시도/시/군/구),2018,,Total,전국,㎡,101,By Administrative District,전국
소재지(시군구)별,17763339465,15315HJG000,A,㎡,16315T2008_0012,DT_1YL21291E,도시지역면적,도시지역면적(시도/시/군/구),2019,,Total,전국,㎡,101,By Administrative District,전국
소재지(시군구)별,17769135370,15315HJG000,A,㎡,16315T2008_0012,DT_1YL21291E,도시지역면적,도시지역면적(시도/시/군/구),2020,,Total,전국,㎡,101,By Administrative District,전국
소재지(시군구)별,17786546574,15315HJG000,A,㎡,16315T2008_0012,DT_1YL21291E,도시지역면적,도시지역면적(시도/시/군/구),2021,,Total,전국,㎡,101,By Administrative District,전국
소재지(시군구)별,17791754999,15315HJG000,A,㎡,16315T2008_0012,DT_1YL21291E,도시지역면적,도시지역면적(시도/시/군/구),2022,,Total,전국,㎡,101,By Administrative District,전국
소재지(시군구)별,17589843385,15315HJG000,A,㎡,16315T2008_0012,DT_1YL21291E,도시지역면적,도시지역면적(시도/시/군/구),2023,,Total,전국,㎡,101,By Administrative District,전국
소재지(시군구)별,605958000,15315HJG001,A,㎡,16315T2008_0012,DT_1YL21291E,도시지역면적,도시지역면적(시도/시/군/구),2008,,Seoul,서울특별시,㎡,101,By Administrative District,서울
소재지(시군구)별,605958000,15315HJG001,A,㎡,16315T2008_0012,DT_1YL21291E,도시지역면적,도시지역면적(시도/시/군/구),2009,,Seoul,서울특별시,㎡,101,By Administrative District,서울
소재지(시군구)별,605958000,15315HJG001,A,㎡,16315T2008_0012,DT_1YL21291E,도시지역면적,도시지역면적(시도/시/군/구),2010,,Seoul,서울특별시,㎡,101,By Administrative District,서울
소재지(시군구)별,605958000,15315HJG001,A,㎡,16315T2008_0012,DT_1YL21291E,도시지역면적,도시지역면적(시도/시/군/구),2011,,Seoul,서울특별시,㎡,101,By Administrative District,서울
소재지(시군구)별,605958000,15315HJG001,A,㎡,16315T2008_0012,DT_1YL21291E,도시지역면적,도시지역면적(시도/시/군/구),2012,,Seoul,서울특별시,㎡,101,By Administrative District,서울
소재지(시군구)별,605961477,15315HJG001,A,㎡,16315T2008_0012,DT_1YL21291E,도시지역면적,도시지역면적(시도/시/군/구),2013,,Seoul,서울특별시,㎡,101,By Administrative District,서울
소재지(시군구)별,606361456,15315HJG001,A,㎡,16315T2008_0012,DT_1YL21291E,도시지역면적,도시지역면적(시도/시/군/구),2014,,Seoul,서울특별시,㎡,101,By Administrative District,서울
소재지(시군구)별,605267992,15315HJG001,A,㎡,16315T2008_0012,DT_1YL21291E,도시지역면적,도시지역면적(시도/시/군/구),2015,,Seoul,서울특별시,㎡,101,By Administrative District,서울
소재지(시군구)별,606114295,15315HJG001,A,㎡,16315T2008_0012,DT_1YL21291E,도시지역면적,도시지역면적(시도/시/군/구),2016,,Seoul,서울특별시,㎡,101,By Administrative District,서울
소재지(시군구)별,605597491,15315HJG001,A,㎡,16315T2008_0012,DT_1YL21291E,도시지역면적,도시지역면적(시도/시/군/구),2017,,Seoul,서울특별시,㎡,101,By Administrative District,서울
소재지(시군구)별,605569314,15315HJG001,A,㎡,16315T2008_0012,DT_1YL21291E,도시지역면적,도시지역면적(시도/시/군/구),2018,,Seoul,서울특별시,㎡,101,By Administrative District,서울
소재지(시군구)별,605512630,15315HJG001,A,㎡,16315T2008_0012,DT_1YL21291E,도시지역면적,도시지역면적(시도/시/군/구),2019,,Seoul,서울특별시,㎡,101,By Administrative District,서울
소재지(시군구)별,605680193,15315HJG001,A,㎡,16315T2008_0012,DT_1YL21291E,도시지역면적,도시지역면적(시도/시/군/구),2020,,Seoul,서울특별시,㎡,101,By Administrative District,서울
소재지(시군구)별,605680264,15315HJG001,A,㎡,16315T2008_0012,DT_1YL21291E,도시지역면적,도시지역면적(시도/시/군/구),2021,,Seoul,서울특별시,㎡,101,By Administrative District,서울
소재지(시군구)별,605672952,15315HJG001,A,㎡,16315T2008_0012,DT_1YL21291E,도시지역면적,도시지역면적(시도/시/군/구),2022,,Seoul,서울특별시,㎡,101,By Administrative District,서울
소재지(시군구)별,605673772,15315HJG001,A,㎡,16315T2008_0012,DT_1YL21291E,도시지역면적,도시지역면적(시도/시/군/구),2023,,Seoul,서울특별시,㎡,101,By Administrative District,서울
소재지(시군구)별,946381728,15315HJG002,A,㎡,16315T2008_0012,DT_1YL21291E,도시지역면적,도시지역면적(시도/시/군/구),2008,,Busan,부산광역시,㎡,101,By Administrative District,부산
소재지(시군구)별,945518627,15315HJG002,A,㎡,16315T2008_0012,DT_1YL21291E,도시지역면적,도시지역면적(시도/시/군/구),2009,,Busan,부산광역시,㎡,101,By Administrative District,부산
소재지(시군구)별,943382552,15315HJG002,A,㎡,16315T2008_0012,DT_1YL21291E,도시지역면적,도시지역면적(시도/시/군/구),2010,,Busan,부산광역시,㎡,101,By Administrative District,부산
소재지(시군구)별,942982553,15315HJG002,A,㎡,16315T2008_0012,DT_1YL21291E,도시지역면적,도시지역면적(시도/시/군/구),2011,,Busan,부산광역시,㎡,101,By Administrative District,부산
소재지(시군구)별,943008858,15315HJG002,A,㎡,16315T2008_0012,DT_1YL21291E,도시지역면적,도시지역면적(시도/시/군/구),2012,,Busan,부산광역시,㎡,101,By Administrative District,부산
소재지(시군구)별,942972811,15315HJG002,A,㎡,16315T2008_0012,DT_1YL21291E,도시지역면적,도시지역면적(시도/시/군/구),2013,,Busan,부산광역시,㎡,101,By Administrative District,부산
소재지(시군구)별,940825057,15315HJG002,A,㎡,16315T2008_0012,DT_1YL21291E,도시지역면적,도시지역면적(시도/시/군/구),2014,,Busan,부산광역시,㎡,101,By Administrative District,부산
소재지(시군구)별,940825057,15315HJG002,A,㎡,16315T2008_0012,DT_1YL21291E,도시지역면적,도시지역면적(시도/시/군/구),2015,,Busan,부산광역시,㎡,101,By Administrative District,부산
소재지(시군구)별,940825056,15315HJG002,A,㎡,16315T2008_0012,DT_1YL21291E,도시지역면적,도시지역면적(시도/시/군/구),2016,,Busan,부산광역시,㎡,101,By Administrative District,부산
소재지(시군구)별,940825056,15315HJG002,A,㎡,16315T2008_0012,DT_1YL21291E,도시지역면적,도시지역면적(시도/시/군/구),2017,,Busan,부산광역시,㎡,101,By Administrative District,부산
소재지(시군구)별,940825058,15315HJG002,A,㎡,16315T2008_0012,DT_1YL21291E,도시지역면적,도시지역면적(시도/시/군/구),2018,,Busan,부산광역시,㎡,101,By Administrative District,부산
소재지(시군구)별,940825058,15315HJG002,A,㎡,16315T2008_0012,DT_1YL21291E,도시지역면적,도시지역면적(시도/시/군/구),2019,,Busan,부산광역시,㎡,101,By Administrative District,부산
소재지(시군구)별,940825055,15315HJG002,A,㎡,16315T2008_0012,DT_1YL21291E,도시지역면적,도시지역면적(시도/시/군/구),2020,,Busan,부산광역시,㎡,101,By Administrative District,부산
소재지(시군구)별,940825971,15315HJG002,A,㎡,16315T2008_0012,DT_1YL21291E,도시지역면적,도시지역면적(시도/시/군/구),2021,,Busan,부산광역시,㎡,101,By Administrative District,부산
소재지(시군구)별,940844566,15315HJG002,A,㎡,16315T2008_0012,DT_1YL21291E,도시지역면적,도시지역면적(시도/시/군/구),2022,,Busan,부산광역시,㎡,101,By Administrative District,부산
소재지(시군구)별,940825056,15315HJG002,A,㎡,16315T2008_0012,DT_1YL21291E,도시지역면적,도시지역면적(시도/시/군/구),2023,,Busan,부산광역시,㎡,101,By Administrative District,부산
소재지(시군구)별,798504995,15315HJG003,A,㎡,16315T2008_0012,DT_1YL21291E,도시지역면적,도시지역면적(시도/시/군/구),2008,,Daegu,대구광역시,㎡,101,By Administrative District,대구
소재지(시군구)별,798467527,15315HJG003,A,㎡,16315T2008_0012,DT_1YL21291E,도시지역면적,도시지역면적(시도/시/군/구),2009,,Daegu,대구광역시,㎡,101,By Administrative District,대구
소재지(시군구)별,798498469,15315HJG003,A,㎡,16315T2008_0012,DT_1YL21291E,도시지역면적,도시지역면적(시도/시/군/구),2010,,Daegu,대구광역시,㎡,101,By Administrative District,대구
소재지(시군구)별,798083296,15315HJG003,A,㎡,16315T2008_0012,DT_1YL21291E,도시지역면적,도시지역면적(시도/시/군/구),2011,,Daegu,대구광역시,㎡,101,By Administrative District,대구
소재지(시군구)별,798032488,15315HJG003,A,㎡,16315T2008_0012,DT_1YL21291E,도시지역면적,도시지역면적(시도/시/군/구),2012,,Daegu,대구광역시,㎡,101,By Administrative District,대구
소재지(시군구)별,797883045,15315HJG003,A,㎡,16315T2008_0012,DT_1YL21291E,도시지역면적,도시지역면적(시도/시/군/구),2013,,Daegu,대구광역시,㎡,101,By Administrative District,대구
소재지(시군구)별,797940177,15315HJG003,A,㎡,16315T2008_0012,DT_1YL21291E,도시지역면적,도시지역면적(시도/시/군/구),2014,,Daegu,대구광역시,㎡,101,By Administrative District,대구
소재지(시군구)별,797962749,15315HJG003,A,㎡,16315T2008_0012,DT_1YL21291E,도시지역면적,도시지역면적(시도/시/군/구),2015,,Daegu,대구광역시,㎡,101,By Administrative District,대구
소재지(시군구)별,797969025,15315HJG003,A,㎡,16315T2008_0012,DT_1YL21291E,도시지역면적,도시지역면적(시도/시/군/구),2016,,Daegu,대구광역시,㎡,101,By Administrative District,대구
소재지(시군구)별,798003179,15315HJG003,A,㎡,16315T2008_0012,DT_1YL21291E,도시지역면적,도시지역면적(시도/시/군/구),2017,,Daegu,대구광역시,㎡,101,By Administrative District,대구
소재지(시군구)별,797919337,15315HJG003,A,㎡,16315T2008_0012,DT_1YL21291E,도시지역면적,도시지역면적(시도/시/군/구),2018,,Daegu,대구광역시,㎡,101,By Administrative District,대구
소재지(시군구)별,799328917,15315HJG003,A,㎡,16315T2008_0012,DT_1YL21291E,도시지역면적,도시지역면적(시도/시/군/구),2019,,Daegu,대구광역시,㎡,101,By Administrative District,대구
소재지(시군구)별,799299015,15315HJG003,A,㎡,16315T2008_0012,DT_1YL21291E,도시지역면적,도시지역면적(시도/시/군/구),2020,,Daegu,대구광역시,㎡,101,By Administrative District,대구
소재지(시군구)별,799509757,15315HJG003,A,㎡,16315T2008_0012,DT_1YL21291E,도시지역면적,도시지역면적(시도/시/군/구),2021,,Daegu,대구광역시,㎡,101,By Administrative District,대구
소재지(시군구)별,801033747,15315HJG003,A,㎡,16315T2008_0012,DT_1YL21291E,도시지역면적,도시지역면적(시도/시/군/구),2022,,Daegu,대구광역시,㎡,101,By Administrative District,대구
소재지(시군구)별,808195732,15315HJG003,A,㎡,16315T2008_0012,DT_1YL21291E,도시지역면적,도시지역면적(시도/시/군/구),2023,,Daegu,대구광역시,㎡,101,By Administrative District,대구
소재지(시군구)별,560455329,15315HJG004,A,㎡,16315T2008_0012,DT_1YL21291E,도시지역면적,도시지역면적(시도/시/군/구),2008,,Incheon,인천광역시,㎡,101,By Administrative District,인천
소재지(시군구)별,570484285,15315HJG004,A,㎡,16315T2008_0012,DT_1YL21291E,도시지역면적,도시지역면적(시도/시/군/구),2009,,Incheon,인천광역시,㎡,101,By Administrative District,인천
소재지(시군구)별,585334610,15315HJG004,A,㎡,16315T2008_0012,DT_1YL21291E,도시지역면적,도시지역면적(시도/시/군/구),2010,,Incheon,인천광역시,㎡,101,By Administrative District,인천
소재지(시군구)별,585318598,15315HJG004,A,㎡,16315T2008_0012,DT_1YL21291E,도시지역면적,도시지역면적(시도/시/군/구),2011,,Incheon,인천광역시,㎡,101,By Administrative District,인천
소재지(시군구)별,582516972,15315HJG004,A,㎡,16315T2008_0012,DT_1YL21291E,도시지역면적,도시지역면적(시도/시/군/구),2012,,Incheon,인천광역시,㎡,101,By Administrative District,인천
소재지(시군구)별,579949330,15315HJG004,A,㎡,16315T2008_0012,DT_1YL21291E,도시지역면적,도시지역면적(시도/시/군/구),2013,,Incheon,인천광역시,㎡,101,By Administrative District,인천
소재지(시군구)별,576020846,15315HJG004,A,㎡,16315T2008_0012,DT_1YL21291E,도시지역면적,도시지역면적(시도/시/군/구),2014,,Incheon,인천광역시,㎡,101,By Administrative District,인천
소재지(시군구)별,575396743,15315HJG004,A,㎡,16315T2008_0012,DT_1YL21291E,도시지역면적,도시지역면적(시도/시/군/구),2015,,Incheon,인천광역시,㎡,101,By Administrative District,인천
소재지(시군구)별,580154144,15315HJG004,A,㎡,16315T2008_0012,DT_1YL21291E,도시지역면적,도시지역면적(시도/시/군/구),2016,,Incheon,인천광역시,㎡,101,By Administrative District,인천
소재지(시군구)별,580144347,15315HJG004,A,㎡,16315T2008_0012,DT_1YL21291E,도시지역면적,도시지역면적(시도/시/군/구),2017,,Incheon,인천광역시,㎡,101,By Administrative District,인천
소재지(시군구)별,579740346,15315HJG004,A,㎡,16315T2008_0012,DT_1YL21291E,도시지역면적,도시지역면적(시도/시/군/구),2018,,Incheon,인천광역시,㎡,101,By Administrative District,인천
소재지(시군구)별,529642905,15315HJG004,A,㎡,16315T2008_0012,DT_1YL21291E,도시지역면적,도시지역면적(시도/시/군/구),2019,,Incheon,인천광역시,㎡,101,By Administrative District,인천
소재지(시군구)별,529650659,15315HJG004,A,㎡,16315T2008_0012,DT_1YL21291E,도시지역면적,도시지역면적(시도/시/군/구),2020,,Incheon,인천광역시,㎡,101,By Administrative District,인천
소재지(시군구)별,529699653,15315HJG004,A,㎡,16315T2008_0012,DT_1YL21291E,도시지역면적,도시지역면적(시도/시/군/구),2021,,Incheon,인천광역시,㎡,101,By Administrative District,인천
소재지(시군구)별,527855326,15315HJG004,A,㎡,16315T2008_0012,DT_1YL21291E,도시지역면적,도시지역면적(시도/시/군/구),2022,,Incheon,인천광역시,㎡,101,By Administrative District,인천
소재지(시군구)별,512816173,15315HJG004,A,㎡,16315T2008_0012,DT_1YL21291E,도시지역면적,도시지역면적(시도/시/군/구),2023,,Incheon,인천광역시,㎡,101,By Administrative District,인천
소재지(시군구)별,478210854,15315HJG005,A,㎡,16315T2008_0012,DT_1YL21291E,도시지역면적,도시지역면적(시도/시/군/구),2008,,Gwangju,광주광역시,㎡,101,By Administrative District,광주
소재지(시군구)별,480117230,15315HJG005,A,㎡,16315T2008_0012,DT_1YL21291E,도시지역면적,도시지역면적(시도/시/군/구),2009,,Gwangju,광주광역시,㎡,101,By Administrative District,광주
소재지(시군구)별,480108790,15315HJG005,A,㎡,16315T2008_0012,DT_1YL21291E,도시지역면적,도시지역면적(시도/시/군/구),2010,,Gwangju,광주광역시,㎡,101,By Administrative District,광주
소재지(시군구)별,480053716,15315HJG005,A,㎡,16315T2008_0012,DT_1YL21291E,도시지역면적,도시지역면적(시도/시/군/구),2011,,Gwangju,광주광역시,㎡,101,By Administrative District,광주
소재지(시군구)별,480053747,15315HJG005,A,㎡,16315T2008_0012,DT_1YL21291E,도시지역면적,도시지역면적(시도/시/군/구),2012,,Gwangju,광주광역시,㎡,101,By Administrative District,광주
소재지(시군구)별,480050517,15315HJG005,A,㎡,16315T2008_0012,DT_1YL21291E,도시지역면적,도시지역면적(시도/시/군/구),2013,,Gwangju,광주광역시,㎡,101,By Administrative District,광주
소재지(시군구)별,480050517,15315HJG005,A,㎡,16315T2008_0012,DT_1YL21291E,도시지역면적,도시지역면적(시도/시/군/구),2014,,Gwangju,광주광역시,㎡,101,By Administrative District,광주
소재지(시군구)별,480050517,15315HJG005,A,㎡,16315T2008_0012,DT_1YL21291E,도시지역면적,도시지역면적(시도/시/군/구),2015,,Gwangju,광주광역시,㎡,101,By Administrative District,광주
소재지(시군구)별,481554450,15315HJG005,A,㎡,16315T2008_0012,DT_1YL21291E,도시지역면적,도시지역면적(시도/시/군/구),2016,,Gwangju,광주광역시,㎡,101,By Administrative District,광주
소재지(시군구)별,480047663,15315HJG005,A,㎡,16315T2008_0012,DT_1YL21291E,도시지역면적,도시지역면적(시도/시/군/구),2017,,Gwangju,광주광역시,㎡,101,By Administrative District,광주
소재지(시군구)별,480053767,15315HJG005,A,㎡,16315T2008_0012,DT_1YL21291E,도시지역면적,도시지역면적(시도/시/군/구),2018,,Gwangju,광주광역시,㎡,101,By Administrative District,광주
소재지(시군구)별,480002734,15315HJG005,A,㎡,16315T2008_0012,DT_1YL21291E,도시지역면적,도시지역면적(시도/시/군/구),2019,,Gwangju,광주광역시,㎡,101,By Administrative District,광주
소재지(시군구)별,480081726,15315HJG005,A,㎡,16315T2008_0012,DT_1YL21291E,도시지역면적,도시지역면적(시도/시/군/구),2020,,Gwangju,광주광역시,㎡,101,By Administrative District,광주
소재지(시군구)별,479978979,15315HJG005,A,㎡,16315T2008_0012,DT_1YL21291E,도시지역면적,도시지역면적(시도/시/군/구),2021,,Gwangju,광주광역시,㎡,101,By Administrative District,광주
소재지(시군구)별,479890096,15315HJG005,A,㎡,16315T2008_0012,DT_1YL21291E,도시지역면적,도시지역면적(시도/시/군/구),2022,,Gwangju,광주광역시,㎡,101,By Administrative District,광주
소재지(시군구)별,479838049,15315HJG005,A,㎡,16315T2008_0012,DT_1YL21291E,도시지역면적,도시지역면적(시도/시/군/구),2023,,Gwangju,광주광역시,㎡,101,By Administrative District,광주
소재지(시군구)별,494959003,15315HJG006,A,㎡,16315T2008_0012,DT_1YL21291E,도시지역면적,도시지역면적(시도/시/군/구),2008,,Daejeon,대전광역시,㎡,101,By Administrative District,대전
소재지(시군구)별,494959003,15315HJG006,A,㎡,16315T2008_0012,DT_1YL21291E,도시지역면적,도시지역면적(시도/시/군/구),2009,,Daejeon,대전광역시,㎡,101,By Administrative District,대전
소재지(시군구)별,494958998,15315HJG006,A,㎡,16315T2008_0012,DT_1YL21291E,도시지역면적,도시지역면적(시도/시/군/구),2010,,Daejeon,대전광역시,㎡,101,By Administrative District,대전
소재지(시군구)별,494957058,15315HJG006,A,㎡,16315T2008_0012,DT_1YL21291E,도시지역면적,도시지역면적(시도/시/군/구),2011,,Daejeon,대전광역시,㎡,101,By Administrative District,대전
소재지(시군구)별,494957655,15315HJG006,A,㎡,16315T2008_0012,DT_1YL21291E,도시지역면적,도시지역면적(시도/시/군/구),2012,,Daejeon,대전광역시,㎡,101,By Administrative District,대전
소재지(시군구)별,495269034,15315HJG006,A,㎡,16315T2008_0012,DT_1YL21291E,도시지역면적,도시지역면적(시도/시/군/구),2013,,Daejeon,대전광역시,㎡,101,By Administrative District,대전
소재지(시군구)별,495258867,15315HJG006,A,㎡,16315T2008_0012,DT_1YL21291E,도시지역면적,도시지역면적(시도/시/군/구),2014,,Daejeon,대전광역시,㎡,101,By Administrative District,대전
소재지(시군구)별,495546287,15315HJG006,A,㎡,16315T2008_0012,DT_1YL21291E,도시지역면적,도시지역면적(시도/시/군/구),2015,,Daejeon,대전광역시,㎡,101,By Administrative District,대전
소재지(시군구)별,495546287,15315HJG006,A,㎡,16315T2008_0012,DT_1YL21291E,도시지역면적,도시지역면적(시도/시/군/구),2016,,Daejeon,대전광역시,㎡,101,By Administrative District,대전
소재지(시군구)별,495546171,15315HJG006,A,㎡,16315T2008_0012,DT_1YL21291E,도시지역면적,도시지역면적(시도/시/군/구),2017,,Daejeon,대전광역시,㎡,101,By Administrative District,대전
소재지(시군구)별,495818299,15315HJG006,A,㎡,16315T2008_0012,DT_1YL21291E,도시지역면적,도시지역면적(시도/시/군/구),2018,,Daejeon,대전광역시,㎡,101,By Administrative District,대전
소재지(시군구)별,496123890,15315HJG006,A,㎡,16315T2008_0012,DT_1YL21291E,도시지역면적,도시지역면적(시도/시/군/구),2019,,Daejeon,대전광역시,㎡,101,By Administrative District,대전
소재지(시군구)별,496123890,15315HJG006,A,㎡,16315T2008_0012,DT_1YL21291E,도시지역면적,도시지역면적(시도/시/군/구),2020,,Daejeon,대전광역시,㎡,101,By Administrative District,대전
소재지(시군구)별,496123890,15315HJG006,A,㎡,16315T2008_0012,DT_1YL21291E,도시지역면적,도시지역면적(시도/시/군/구),2021,,Daejeon,대전광역시,㎡,101,By Administrative District,대전
소재지(시군구)별,496123890,15315HJG006,A,㎡,16315T2008_0012,DT_1YL21291E,도시지역면적,도시지역면적(시도/시/군/구),2022,,Daejeon,대전광역시,㎡,101,By Administrative District,대전
소재지(시군구)별,496123890,15315HJG006,A,㎡,16315T2008_0012,DT_1YL21291E,도시지역면적,도시지역면적(시도/시/군/구),2023,,Daejeon,대전광역시,㎡,101,By Administrative District,대전
소재지(시군구)별,751223848,15315HJG007,A,㎡,16315T2008_0012,DT_1YL21291E,도시지역면적,도시지역면적(시도/시/군/구),2008,,Ulsan,울산광역시,㎡,101,By Administrative District,울산
소재지(시군구)별,753469238,15315HJG007,A,㎡,16315T2008_0012,DT_1YL21291E,도시지역면적,도시지역면적(시도/시/군/구),2009,,Ulsan,울산광역시,㎡,101,By Administrative District,울산
소재지(시군구)별,755429960,15315HJG007,A,㎡,16315T2008_0012,DT_1YL21291E,도시지역면적,도시지역면적(시도/시/군/구),2010,,Ulsan,울산광역시,㎡,101,By Administrative District,울산
소재지(시군구)별,755424849,15315HJG007,A,㎡,16315T2008_0012,DT_1YL21291E,도시지역면적,도시지역면적(시도/시/군/구),2011,,Ulsan,울산광역시,㎡,101,By Administrative District,울산
소재지(시군구)별,755133152,15315HJG007,A,㎡,16315T2008_0012,DT_1YL21291E,도시지역면적,도시지역면적(시도/시/군/구),2012,,Ulsan,울산광역시,㎡,101,By Administrative District,울산
소재지(시군구)별,755136776,15315HJG007,A,㎡,16315T2008_0012,DT_1YL21291E,도시지역면적,도시지역면적(시도/시/군/구),2013,,Ulsan,울산광역시,㎡,101,By Administrative District,울산
소재지(시군구)별,755598443,15315HJG007,A,㎡,16315T2008_0012,DT_1YL21291E,도시지역면적,도시지역면적(시도/시/군/구),2014,,Ulsan,울산광역시,㎡,101,By Administrative District,울산
소재지(시군구)별,755550507,15315HJG007,A,㎡,16315T2008_0012,DT_1YL21291E,도시지역면적,도시지역면적(시도/시/군/구),2015,,Ulsan,울산광역시,㎡,101,By Administrative District,울산
소재지(시군구)별,755545355,15315HJG007,A,㎡,16315T2008_0012,DT_1YL21291E,도시지역면적,도시지역면적(시도/시/군/구),2016,,Ulsan,울산광역시,㎡,101,By Administrative District,울산
소재지(시군구)별,755551876,15315HJG007,A,㎡,16315T2008_0012,DT_1YL21291E,도시지역면적,도시지역면적(시도/시/군/구),2017,,Ulsan,울산광역시,㎡,101,By Administrative District,울산
소재지(시군구)별,755545356,15315HJG007,A,㎡,16315T2008_0012,DT_1YL21291E,도시지역면적,도시지역면적(시도/시/군/구),2018,,Ulsan,울산광역시,㎡,101,By Administrative District,울산
소재지(시군구)별,755545353,15315HJG007,A,㎡,16315T2008_0012,DT_1YL21291E,도시지역면적,도시지역면적(시도/시/군/구),2019,,Ulsan,울산광역시,㎡,101,By Administrative District,울산
소재지(시군구)별,761731893,15315HJG007,A,㎡,16315T2008_0012,DT_1YL21291E,도시지역면적,도시지역면적(시도/시/군/구),2020,,Ulsan,울산광역시,㎡,101,By Administrative District,울산
소재지(시군구)별,764204857,15315HJG007,A,㎡,16315T2008_0012,DT_1YL21291E,도시지역면적,도시지역면적(시도/시/군/구),2021,,Ulsan,울산광역시,㎡,101,By Administrative District,울산
소재지(시군구)별,764212886,15315HJG007,A,㎡,16315T2008_0012,DT_1YL21291E,도시지역면적,도시지역면적(시도/시/군/구),2022,,Ulsan,울산광역시,㎡,101,By Administrative District,울산
소재지(시군구)별,671649337,15315HJG007,A,㎡,16315T2008_0012,DT_1YL21291E,도시지역면적,도시지역면적(시도/시/군/구),2023,,Ulsan,울산광역시,㎡,101,By Administrative District,울산
소재지(시군구)별,3236168746,15315HJG008,A,㎡,16315T2008_0012,DT_1YL21291E,도시지역면적,도시지역면적(시도/시/군/구),2008,,Gyeonggi-do,경기도,㎡,101,By Administrative District,경기
소재지(시군구)별,3239452978,15315HJG008,A,㎡,16315T2008_0012,DT_1YL21291E,도시지역면적,도시지역면적(시도/시/군/구),2009,,Gyeonggi-do,경기도,㎡,101,By Administrative District,경기
소재지(시군구)별,3264237533,15315HJG008,A,㎡,16315T2008_0012,DT_1YL21291E,도시지역면적,도시지역면적(시도/시/군/구),2010,,Gyeonggi-do,경기도,㎡,101,By Administrative District,경기
소재지(시군구)별,3330278692,15315HJG008,A,㎡,16315T2008_0012,DT_1YL21291E,도시지역면적,도시지역면적(시도/시/군/구),2011,,Gyeonggi-do,경기도,㎡,101,By Administrative District,경기
소재지(시군구)별,3331056000,15315HJG008,A,㎡,16315T2008_0012,DT_1YL21291E,도시지역면적,도시지역면적(시도/시/군/구),2012,,Gyeonggi-do,경기도,㎡,101,By Administrative District,경기
소재지(시군구)별,3339583747,15315HJG008,A,㎡,16315T2008_0012,DT_1YL21291E,도시지역면적,도시지역면적(시도/시/군/구),2013,,Gyeonggi-do,경기도,㎡,101,By Administrative District,경기
소재지(시군구)별,3348294610,15315HJG008,A,㎡,16315T2008_0012,DT_1YL21291E,도시지역면적,도시지역면적(시도/시/군/구),2014,,Gyeonggi-do,경기도,㎡,101,By Administrative District,경기
소재지(시군구)별,3357453240,15315HJG008,A,㎡,16315T2008_0012,DT_1YL21291E,도시지역면적,도시지역면적(시도/시/군/구),2015,,Gyeonggi-do,경기도,㎡,101,By Administrative District,경기
소재지(시군구)별,3367486105,15315HJG008,A,㎡,16315T2008_0012,DT_1YL21291E,도시지역면적,도시지역면적(시도/시/군/구),2016,,Gyeonggi-do,경기도,㎡,101,By Administrative District,경기
소재지(시군구)별,3371075153,15315HJG008,A,㎡,16315T2008_0012,DT_1YL21291E,도시지역면적,도시지역면적(시도/시/군/구),2017,,Gyeonggi-do,경기도,㎡,101,By Administrative District,경기
소재지(시군구)별,3376013136,15315HJG008,A,㎡,16315T2008_0012,DT_1YL21291E,도시지역면적,도시지역면적(시도/시/군/구),2018,,Gyeonggi-do,경기도,㎡,101,By Administrative District,경기
소재지(시군구)별,3377274307,15315HJG008,A,㎡,16315T2008_0012,DT_1YL21291E,도시지역면적,도시지역면적(시도/시/군/구),2019,,Gyeonggi-do,경기도,㎡,101,By Administrative District,경기
소재지(시군구)별,3378712218,15315HJG008,A,㎡,16315T2008_0012,DT_1YL21291E,도시지역면적,도시지역면적(시도/시/군/구),2020,,Gyeonggi-do,경기도,㎡,101,By Administrative District,경기
소재지(시군구)별,3385441488,15315HJG008,A,㎡,16315T2008_0012,DT_1YL21291E,도시지역면적,도시지역면적(시도/시/군/구),2021,,Gyeonggi-do,경기도,㎡,101,By Administrative District,경기
소재지(시군구)별,3386898994,15315HJG008,A,㎡,16315T2008_0012,DT_1YL21291E,도시지역면적,도시지역면적(시도/시/군/구),2022,,Gyeonggi-do,경기도,㎡,101,By Administrative District,경기
소재지(시군구)별,3370827754,15315HJG008,A,㎡,16315T2008_0012,DT_1YL21291E,도시지역면적,도시지역면적(시도/시/군/구),2023,,Gyeonggi-do,경기도,㎡,101,By Administrative District,경기
소재지(시군구)별,992883080,15315HJG009,A,㎡,16315T2008_0012,DT_1YL21291E,도시지역면적,도시지역면적(시도/시/군/구),2008,,Gangwon-do,강원특별자치도,㎡,101,By Administrative District,강원
소재지(시군구)별,994892241,15315HJG009,A,㎡,16315T2008_0012,DT_1YL21291E,도시지역면적,도시지역면적(시도/시/군/구),2009,,Gangwon-do,강원특별자치도,㎡,101,By Administrative District,강원
소재지(시군구)별,1009506443,15315HJG009,A,㎡,16315T2008_0012,DT_1YL21291E,도시지역면적,도시지역면적(시도/시/군/구),2010,,Gangwon-do,강원특별자치도,㎡,101,By Administrative District,강원
소재지(시군구)별,1012011361,15315HJG009,A,㎡,16315T2008_0012,DT_1YL21291E,도시지역면적,도시지역면적(시도/시/군/구),2011,,Gangwon-do,강원특별자치도,㎡,101,By Administrative District,강원
소재지(시군구)별,1016937071,15315HJG009,A,㎡,16315T2008_0012,DT_1YL21291E,도시지역면적,도시지역면적(시도/시/군/구),2012,,Gangwon-do,강원특별자치도,㎡,101,By Administrative District,강원
소재지(시군구)별,1022102313,15315HJG009,A,㎡,16315T2008_0012,DT_1YL21291E,도시지역면적,도시지역면적(시도/시/군/구),2013,,Gangwon-do,강원특별자치도,㎡,101,By Administrative District,강원
소재지(시군구)별,1022114847,15315HJG009,A,㎡,16315T2008_0012,DT_1YL21291E,도시지역면적,도시지역면적(시도/시/군/구),2014,,Gangwon-do,강원특별자치도,㎡,101,By Administrative District,강원
소재지(시군구)별,1022563285,15315HJG009,A,㎡,16315T2008_0012,DT_1YL21291E,도시지역면적,도시지역면적(시도/시/군/구),2015,,Gangwon-do,강원특별자치도,㎡,101,By Administrative District,강원
소재지(시군구)별,1027198470,15315HJG009,A,㎡,16315T2008_0012,DT_1YL21291E,도시지역면적,도시지역면적(시도/시/군/구),2016,,Gangwon-do,강원특별자치도,㎡,101,By Administrative District,강원
소재지(시군구)별,1027228237,15315HJG009,A,㎡,16315T2008_0012,DT_1YL21291E,도시지역면적,도시지역면적(시도/시/군/구),2017,,Gangwon-do,강원특별자치도,㎡,101,By Administrative District,강원
소재지(시군구)별,1028778399,15315HJG009,A,㎡,16315T2008_0012,DT_1YL21291E,도시지역면적,도시지역면적(시도/시/군/구),2018,,Gangwon-do,강원특별자치도,㎡,101,By Administrative District,강원
소재지(시군구)별,1028522877,15315HJG009,A,㎡,16315T2008_0012,DT_1YL21291E,도시지역면적,도시지역면적(시도/시/군/구),2019,,Gangwon-do,강원특별자치도,㎡,101,By Administrative District,강원
소재지(시군구)별,1029687366,15315HJG009,A,㎡,16315T2008_0012,DT_1YL21291E,도시지역면적,도시지역면적(시도/시/군/구),2020,,Gangwon-do,강원특별자치도,㎡,101,By Administrative District,강원
소재지(시군구)별,1030004376,15315HJG009,A,㎡,16315T2008_0012,DT_1YL21291E,도시지역면적,도시지역면적(시도/시/군/구),2021,,Gangwon-do,강원특별자치도,㎡,101,By Administrative District,강원
소재지(시군구)별,1030008274,15315HJG009,A,㎡,16315T2008_0012,DT_1YL21291E,도시지역면적,도시지역면적(시도/시/군/구),2022,,Gangwon-do,강원특별자치도,㎡,101,By Administrative District,강원
소재지(시군구)별,1004738631,15315HJG009,A,㎡,16315T2008_0012,DT_1YL21291E,도시지역면적,도시지역면적(시도/시/군/구),2023,,Gangwon-do,강원특별자치도,㎡,101,By Administrative District,강원
소재지(시군구)별,702865994,15315HJG010,A,㎡,16315T2008_0012,DT_1YL21291E,도시지역면적,도시지역면적(시도/시/군/구),2008,,Chungcheongbuk-do,충청북도,㎡,101,By Administrative District,충북
소재지(시군구)별,701215254,15315HJG010,A,㎡,16315T2008_0012,DT_1YL21291E,도시지역면적,도시지역면적(시도/시/군/구),2009,,Chungcheongbuk-do,충청북도,㎡,101,By Administrative District,충북
소재지(시군구)별,713444373,15315HJG010,A,㎡,16315T2008_0012,DT_1YL21291E,도시지역면적,도시지역면적(시도/시/군/구),2010,,Chungcheongbuk-do,충청북도,㎡,101,By Administrative District,충북
소재지(시군구)별,720428687,15315HJG010,A,㎡,16315T2008_0012,DT_1YL21291E,도시지역면적,도시지역면적(시도/시/군/구),2011,,Chungcheongbuk-do,충청북도,㎡,101,By Administrative District,충북
소재지(시군구)별,721366215,15315HJG010,A,㎡,16315T2008_0012,DT_1YL21291E,도시지역면적,도시지역면적(시도/시/군/구),2012,,Chungcheongbuk-do,충청북도,㎡,101,By Administrative District,충북
소재지(시군구)별,722209388,15315HJG010,A,㎡,16315T2008_0012,DT_1YL21291E,도시지역면적,도시지역면적(시도/시/군/구),2013,,Chungcheongbuk-do,충청북도,㎡,101,By Administrative District,충북
소재지(시군구)별,723468372,15315HJG010,A,㎡,16315T2008_0012,DT_1YL21291E,도시지역면적,도시지역면적(시도/시/군/구),2014,,Chungcheongbuk-do,충청북도,㎡,101,By Administrative District,충북
소재지(시군구)별,724529846,15315HJG010,A,㎡,16315T2008_0012,DT_1YL21291E,도시지역면적,도시지역면적(시도/시/군/구),2015,,Chungcheongbuk-do,충청북도,㎡,101,By Administrative District,충북
소재지(시군구)별,729047038,15315HJG010,A,㎡,16315T2008_0012,DT_1YL21291E,도시지역면적,도시지역면적(시도/시/군/구),2016,,Chungcheongbuk-do,충청북도,㎡,101,By Administrative District,충북
소재지(시군구)별,731347938,15315HJG010,A,㎡,16315T2008_0012,DT_1YL21291E,도시지역면적,도시지역면적(시도/시/군/구),2017,,Chungcheongbuk-do,충청북도,㎡,101,By Administrative District,충북
소재지(시군구)별,731003419,15315HJG010,A,㎡,16315T2008_0012,DT_1YL21291E,도시지역면적,도시지역면적(시도/시/군/구),2018,,Chungcheongbuk-do,충청북도,㎡,101,By Administrative District,충북
소재지(시군구)별,735737985,15315HJG010,A,㎡,16315T2008_0012,DT_1YL21291E,도시지역면적,도시지역면적(시도/시/군/구),2019,,Chungcheongbuk-do,충청북도,㎡,101,By Administrative District,충북
소재지(시군구)별,736252276,15315HJG010,A,㎡,16315T2008_0012,DT_1YL21291E,도시지역면적,도시지역면적(시도/시/군/구),2020,,Chungcheongbuk-do,충청북도,㎡,101,By Administrative District,충북
소재지(시군구)별,737094363,15315HJG010,A,㎡,16315T2008_0012,DT_1YL21291E,도시지역면적,도시지역면적(시도/시/군/구),2021,,Chungcheongbuk-do,충청북도,㎡,101,By Administrative District,충북
소재지(시군구)별,738111394,15315HJG010,A,㎡,16315T2008_0012,DT_1YL21291E,도시지역면적,도시지역면적(시도/시/군/구),2022,,Chungcheongbuk-do,충청북도,㎡,101,By Administrative District,충북
소재지(시군구)별,745234827,15315HJG010,A,㎡,16315T2008_0012,DT_1YL21291E,도시지역면적,도시지역면적(시도/시/군/구),2023,,Chungcheongbuk-do,충청북도,㎡,101,By Administrative District,충북
소재지(시군구)별,1054730425,15315HJG011,A,㎡,16315T2008_0012,DT_1YL21291E,도시지역면적,도시지역면적(시도/시/군/구),2008,,Chungcheongnam-do,충청남도,㎡,101,By Administrative District,충남
소재지(시군구)별,1068364000,15315HJG011,A,㎡,16315T2008_0012,DT_1YL21291E,도시지역면적,도시지역면적(시도/시/군/구),2009,,Chungcheongnam-do,충청남도,㎡,101,By Administrative District,충남
소재지(시군구)별,1041038260,15315HJG011,A,㎡,16315T2008_0012,DT_1YL21291E,도시지역면적,도시지역면적(시도/시/군/구),2010,,Chungcheongnam-do,충청남도,㎡,101,By Administrative District,충남
소재지(시군구)별,1049638536,15315HJG011,A,㎡,16315T2008_0012,DT_1YL21291E,도시지역면적,도시지역면적(시도/시/군/구),2011,,Chungcheongnam-do,충청남도,㎡,101,By Administrative District,충남
소재지(시군구)별,911353829,15315HJG011,A,㎡,16315T2008_0012,DT_1YL21291E,도시지역면적,도시지역면적(시도/시/군/구),2012,,Chungcheongnam-do,충청남도,㎡,101,By Administrative District,충남
소재지(시군구)별,901032944,15315HJG011,A,㎡,16315T2008_0012,DT_1YL21291E,도시지역면적,도시지역면적(시도/시/군/구),2013,,Chungcheongnam-do,충청남도,㎡,101,By Administrative District,충남
소재지(시군구)별,900758143,15315HJG011,A,㎡,16315T2008_0012,DT_1YL21291E,도시지역면적,도시지역면적(시도/시/군/구),2014,,Chungcheongnam-do,충청남도,㎡,101,By Administrative District,충남
소재지(시군구)별,903409823,15315HJG011,A,㎡,16315T2008_0012,DT_1YL21291E,도시지역면적,도시지역면적(시도/시/군/구),2015,,Chungcheongnam-do,충청남도,㎡,101,By Administrative District,충남
소재지(시군구)별,905131392,15315HJG011,A,㎡,16315T2008_0012,DT_1YL21291E,도시지역면적,도시지역면적(시도/시/군/구),2016,,Chungcheongnam-do,충청남도,㎡,101,By Administrative District,충남
소재지(시군구)별,903897573,15315HJG011,A,㎡,16315T2008_0012,DT_1YL21291E,도시지역면적,도시지역면적(시도/시/군/구),2017,,Chungcheongnam-do,충청남도,㎡,101,By Administrative District,충남
소재지(시군구)별,904905818,15315HJG011,A,㎡,16315T2008_0012,DT_1YL21291E,도시지역면적,도시지역면적(시도/시/군/구),2018,,Chungcheongnam-do,충청남도,㎡,101,By Administrative District,충남
소재지(시군구)별,908086503,15315HJG011,A,㎡,16315T2008_0012,DT_1YL21291E,도시지역면적,도시지역면적(시도/시/군/구),2019,,Chungcheongnam-do,충청남도,㎡,101,By Administrative District,충남
소재지(시군구)별,909043093,15315HJG011,A,㎡,16315T2008_0012,DT_1YL21291E,도시지역면적,도시지역면적(시도/시/군/구),2020,,Chungcheongnam-do,충청남도,㎡,101,By Administrative District,충남
소재지(시군구)별,912069919,15315HJG011,A,㎡,16315T2008_0012,DT_1YL21291E,도시지역면적,도시지역면적(시도/시/군/구),2021,,Chungcheongnam-do,충청남도,㎡,101,By Administrative District,충남
소재지(시군구)별,919129887,15315HJG011,A,㎡,16315T2008_0012,DT_1YL21291E,도시지역면적,도시지역면적(시도/시/군/구),2022,,Chungcheongnam-do,충청남도,㎡,101,By Administrative District,충남
소재지(시군구)별,921188502,15315HJG011,A,㎡,16315T2008_0012,DT_1YL21291E,도시지역면적,도시지역면적(시도/시/군/구),2023,,Chungcheongnam-do,충청남도,㎡,101,By Administrative District,충남
소재지(시군구)별,887576860,15315HJG012,A,㎡,16315T2008_0012,DT_1YL21291E,도시지역면적,도시지역면적(시도/시/군/구),2008,,Jeollabuk-do,전북특별자치도,㎡,101,By Administrative District,전북
소재지(시군구)별,889423249,15315HJG012,A,㎡,16315T2008_0012,DT_1YL21291E,도시지역면적,도시지역면적(시도/시/군/구),2009,,Jeollabuk-do,전북특별자치도,㎡,101,By Administrative District,전북
소재지(시군구)별,891125281,15315HJG012,A,㎡,16315T2008_0012,DT_1YL21291E,도시지역면적,도시지역면적(시도/시/군/구),2010,,Jeollabuk-do,전북특별자치도,㎡,101,By Administrative District,전북
소재지(시군구)별,889988898,15315HJG012,A,㎡,16315T2008_0012,DT_1YL21291E,도시지역면적,도시지역면적(시도/시/군/구),2011,,Jeollabuk-do,전북특별자치도,㎡,101,By Administrative District,전북
소재지(시군구)별,893563431,15315HJG012,A,㎡,16315T2008_0012,DT_1YL21291E,도시지역면적,도시지역면적(시도/시/군/구),2012,,Jeollabuk-do,전북특별자치도,㎡,101,By Administrative District,전북
소재지(시군구)별,885617959,15315HJG012,A,㎡,16315T2008_0012,DT_1YL21291E,도시지역면적,도시지역면적(시도/시/군/구),2013,,Jeollabuk-do,전북특별자치도,㎡,101,By Administrative District,전북
소재지(시군구)별,885675046,15315HJG012,A,㎡,16315T2008_0012,DT_1YL21291E,도시지역면적,도시지역면적(시도/시/군/구),2014,,Jeollabuk-do,전북특별자치도,㎡,101,By Administrative District,전북
소재지(시군구)별,885497687,15315HJG012,A,㎡,16315T2008_0012,DT_1YL21291E,도시지역면적,도시지역면적(시도/시/군/구),2015,,Jeollabuk-do,전북특별자치도,㎡,101,By Administrative District,전북
소재지(시군구)별,885721699,15315HJG012,A,㎡,16315T2008_0012,DT_1YL21291E,도시지역면적,도시지역면적(시도/시/군/구),2016,,Jeollabuk-do,전북특별자치도,㎡,101,By Administrative District,전북
소재지(시군구)별,886474119,15315HJG012,A,㎡,16315T2008_0012,DT_1YL21291E,도시지역면적,도시지역면적(시도/시/군/구),2017,,Jeollabuk-do,전북특별자치도,㎡,101,By Administrative District,전북
소재지(시군구)별,886474119,15315HJG012,A,㎡,16315T2008_0012,DT_1YL21291E,도시지역면적,도시지역면적(시도/시/군/구),2018,,Jeollabuk-do,전북특별자치도,㎡,101,By Administrative District,전북
소재지(시군구)별,886379912,15315HJG012,A,㎡,16315T2008_0012,DT_1YL21291E,도시지역면적,도시지역면적(시도/시/군/구),2019,,Jeollabuk-do,전북특별자치도,㎡,101,By Administrative District,전북
소재지(시군구)별,885633881,15315HJG012,A,㎡,16315T2008_0012,DT_1YL21291E,도시지역면적,도시지역면적(시도/시/군/구),2020,,Jeollabuk-do,전북특별자치도,㎡,101,By Administrative District,전북
소재지(시군구)별,885638790,15315HJG012,A,㎡,16315T2008_0012,DT_1YL21291E,도시지역면적,도시지역면적(시도/시/군/구),2021,,Jeollabuk-do,전북특별자치도,㎡,101,By Administrative District,전북
소재지(시군구)별,884641960,15315HJG012,A,㎡,16315T2008_0012,DT_1YL21291E,도시지역면적,도시지역면적(시도/시/군/구),2022,,Jeollabuk-do,전북특별자치도,㎡,101,By Administrative District,전북
소재지(시군구)별,884488242,15315HJG012,A,㎡,16315T2008_0012,DT_1YL21291E,도시지역면적,도시지역면적(시도/시/군/구),2023,,Jeollabuk-do,전북특별자치도,㎡,101,By Administrative District,전북
소재지(시군구)별,1670113161,15315HJG013,A,㎡,16315T2008_0012,DT_1YL21291E,도시지역면적,도시지역면적(시도/시/군/구),2008,,Jeollanam-do,전라남도,㎡,101,By Administrative District,전남
소재지(시군구)별,1738382586,15315HJG013,A,㎡,16315T2008_0012,DT_1YL21291E,도시지역면적,도시지역면적(시도/시/군/구),2009,,Jeollanam-do,전라남도,㎡,101,By Administrative District,전남
소재지(시군구)별,1747196695,15315HJG013,A,㎡,16315T2008_0012,DT_1YL21291E,도시지역면적,도시지역면적(시도/시/군/구),2010,,Jeollanam-do,전라남도,㎡,101,By Administrative District,전남
소재지(시군구)별,1725763011,15315HJG013,A,㎡,16315T2008_0012,DT_1YL21291E,도시지역면적,도시지역면적(시도/시/군/구),2011,,Jeollanam-do,전라남도,㎡,101,By Administrative District,전남
소재지(시군구)별,1729390899,15315HJG013,A,㎡,16315T2008_0012,DT_1YL21291E,도시지역면적,도시지역면적(시도/시/군/구),2012,,Jeollanam-do,전라남도,㎡,101,By Administrative District,전남
소재지(시군구)별,1730720686,15315HJG013,A,㎡,16315T2008_0012,DT_1YL21291E,도시지역면적,도시지역면적(시도/시/군/구),2013,,Jeollanam-do,전라남도,㎡,101,By Administrative District,전남
소재지(시군구)별,1727641644,15315HJG013,A,㎡,16315T2008_0012,DT_1YL21291E,도시지역면적,도시지역면적(시도/시/군/구),2014,,Jeollanam-do,전라남도,㎡,101,By Administrative District,전남
소재지(시군구)별,1728970750,15315HJG013,A,㎡,16315T2008_0012,DT_1YL21291E,도시지역면적,도시지역면적(시도/시/군/구),2015,,Jeollanam-do,전라남도,㎡,101,By Administrative District,전남
소재지(시군구)별,1697909454,15315HJG013,A,㎡,16315T2008_0012,DT_1YL21291E,도시지역면적,도시지역면적(시도/시/군/구),2016,,Jeollanam-do,전라남도,㎡,101,By Administrative District,전남
소재지(시군구)별,1698905643,15315HJG013,A,㎡,16315T2008_0012,DT_1YL21291E,도시지역면적,도시지역면적(시도/시/군/구),2017,,Jeollanam-do,전라남도,㎡,101,By Administrative District,전남
소재지(시군구)별,1718429832,15315HJG013,A,㎡,16315T2008_0012,DT_1YL21291E,도시지역면적,도시지역면적(시도/시/군/구),2018,,Jeollanam-do,전라남도,㎡,101,By Administrative District,전남
소재지(시군구)별,1718458198,15315HJG013,A,㎡,16315T2008_0012,DT_1YL21291E,도시지역면적,도시지역면적(시도/시/군/구),2019,,Jeollanam-do,전라남도,㎡,101,By Administrative District,전남
소재지(시군구)별,1719363436,15315HJG013,A,㎡,16315T2008_0012,DT_1YL21291E,도시지역면적,도시지역면적(시도/시/군/구),2020,,Jeollanam-do,전라남도,㎡,101,By Administrative District,전남
소재지(시군구)별,1720423117,15315HJG013,A,㎡,16315T2008_0012,DT_1YL21291E,도시지역면적,도시지역면적(시도/시/군/구),2021,,Jeollanam-do,전라남도,㎡,101,By Administrative District,전남
소재지(시군구)별,1720488398,15315HJG013,A,㎡,16315T2008_0012,DT_1YL21291E,도시지역면적,도시지역면적(시도/시/군/구),2022,,Jeollanam-do,전라남도,㎡,101,By Administrative District,전남
소재지(시군구)별,1655892649,15315HJG013,A,㎡,16315T2008_0012,DT_1YL21291E,도시지역면적,도시지역면적(시도/시/군/구),2023,,Jeollanam-do,전라남도,㎡,101,By Administrative District,전남
소재지(시군구)별,1773005400,15315HJG014,A,㎡,16315T2008_0012,DT_1YL21291E,도시지역면적,도시지역면적(시도/시/군/구),2008,,Gyeongsangbuk-do,경상북도,㎡,101,By Administrative District,경북
소재지(시군구)별,1768211310,15315HJG014,A,㎡,16315T2008_0012,DT_1YL21291E,도시지역면적,도시지역면적(시도/시/군/구),2009,,Gyeongsangbuk-do,경상북도,㎡,101,By Administrative District,경북
소재지(시군구)별,1831356118,15315HJG014,A,㎡,16315T2008_0012,DT_1YL21291E,도시지역면적,도시지역면적(시도/시/군/구),2010,,Gyeongsangbuk-do,경상북도,㎡,101,By Administrative District,경북
소재지(시군구)별,1834757408,15315HJG014,A,㎡,16315T2008_0012,DT_1YL21291E,도시지역면적,도시지역면적(시도/시/군/구),2011,,Gyeongsangbuk-do,경상북도,㎡,101,By Administrative District,경북
소재지(시군구)별,1842786082,15315HJG014,A,㎡,16315T2008_0012,DT_1YL21291E,도시지역면적,도시지역면적(시도/시/군/구),2012,,Gyeongsangbuk-do,경상북도,㎡,101,By Administrative District,경북
소재지(시군구)별,1847438673,15315HJG014,A,㎡,16315T2008_0012,DT_1YL21291E,도시지역면적,도시지역면적(시도/시/군/구),2013,,Gyeongsangbuk-do,경상북도,㎡,101,By Administrative District,경북
소재지(시군구)별,1849864949,15315HJG014,A,㎡,16315T2008_0012,DT_1YL21291E,도시지역면적,도시지역면적(시도/시/군/구),2014,,Gyeongsangbuk-do,경상북도,㎡,101,By Administrative District,경북
소재지(시군구)별,1850243160,15315HJG014,A,㎡,16315T2008_0012,DT_1YL21291E,도시지역면적,도시지역면적(시도/시/군/구),2015,,Gyeongsangbuk-do,경상북도,㎡,101,By Administrative District,경북
소재지(시군구)별,1855416781,15315HJG014,A,㎡,16315T2008_0012,DT_1YL21291E,도시지역면적,도시지역면적(시도/시/군/구),2016,,Gyeongsangbuk-do,경상북도,㎡,101,By Administrative District,경북
소재지(시군구)별,1856748798,15315HJG014,A,㎡,16315T2008_0012,DT_1YL21291E,도시지역면적,도시지역면적(시도/시/군/구),2017,,Gyeongsangbuk-do,경상북도,㎡,101,By Administrative District,경북
소재지(시군구)별,1866786485,15315HJG014,A,㎡,16315T2008_0012,DT_1YL21291E,도시지역면적,도시지역면적(시도/시/군/구),2018,,Gyeongsangbuk-do,경상북도,㎡,101,By Administrative District,경북
소재지(시군구)별,1879985260,15315HJG014,A,㎡,16315T2008_0012,DT_1YL21291E,도시지역면적,도시지역면적(시도/시/군/구),2019,,Gyeongsangbuk-do,경상북도,㎡,101,By Administrative District,경북
소재지(시군구)별,1879972483,15315HJG014,A,㎡,16315T2008_0012,DT_1YL21291E,도시지역면적,도시지역면적(시도/시/군/구),2020,,Gyeongsangbuk-do,경상북도,㎡,101,By Administrative District,경북
소재지(시군구)별,1879078335,15315HJG014,A,㎡,16315T2008_0012,DT_1YL21291E,도시지역면적,도시지역면적(시도/시/군/구),2021,,Gyeongsangbuk-do,경상북도,㎡,101,By Administrative District,경북
소재지(시군구)별,1877732907,15315HJG014,A,㎡,16315T2008_0012,DT_1YL21291E,도시지역면적,도시지역면적(시도/시/군/구),2022,,Gyeongsangbuk-do,경상북도,㎡,101,By Administrative District,경북
소재지(시군구)별,1870996639,15315HJG014,A,㎡,16315T2008_0012,DT_1YL21291E,도시지역면적,도시지역면적(시도/시/군/구),2023,,Gyeongsangbuk-do,경상북도,㎡,101,By Administrative District,경북
소재지(시군구)별,1956889974,15315HJG015,A,㎡,16315T2008_0012,DT_1YL21291E,도시지역면적,도시지역면적(시도/시/군/구),2008,,Gyeongsangnam-do,경상남도,㎡,101,By Administrative District,경남
소재지(시군구)별,1963756963,15315HJG015,A,㎡,16315T2008_0012,DT_1YL21291E,도시지역면적,도시지역면적(시도/시/군/구),2009,,Gyeongsangnam-do,경상남도,㎡,101,By Administrative District,경남
소재지(시군구)별,1877455242,15315HJG015,A,㎡,16315T2008_0012,DT_1YL21291E,도시지역면적,도시지역면적(시도/시/군/구),2010,,Gyeongsangnam-do,경상남도,㎡,101,By Administrative District,경남
소재지(시군구)별,1879998259,15315HJG015,A,㎡,16315T2008_0012,DT_1YL21291E,도시지역면적,도시지역면적(시도/시/군/구),2011,,Gyeongsangnam-do,경상남도,㎡,101,By Administrative District,경남
소재지(시군구)별,1887860832,15315HJG015,A,㎡,16315T2008_0012,DT_1YL21291E,도시지역면적,도시지역면적(시도/시/군/구),2012,,Gyeongsangnam-do,경상남도,㎡,101,By Administrative District,경남
소재지(시군구)별,1893863908,15315HJG015,A,㎡,16315T2008_0012,DT_1YL21291E,도시지역면적,도시지역면적(시도/시/군/구),2013,,Gyeongsangnam-do,경상남도,㎡,101,By Administrative District,경남
소재지(시군구)별,1892833064,15315HJG015,A,㎡,16315T2008_0012,DT_1YL21291E,도시지역면적,도시지역면적(시도/시/군/구),2014,,Gyeongsangnam-do,경상남도,㎡,101,By Administrative District,경남
소재지(시군구)별,1896271107,15315HJG015,A,㎡,16315T2008_0012,DT_1YL21291E,도시지역면적,도시지역면적(시도/시/군/구),2015,,Gyeongsangnam-do,경상남도,㎡,101,By Administrative District,경남
소재지(시군구)별,1889759767,15315HJG015,A,㎡,16315T2008_0012,DT_1YL21291E,도시지역면적,도시지역면적(시도/시/군/구),2016,,Gyeongsangnam-do,경상남도,㎡,101,By Administrative District,경남
소재지(시군구)별,1892605781,15315HJG015,A,㎡,16315T2008_0012,DT_1YL21291E,도시지역면적,도시지역면적(시도/시/군/구),2017,,Gyeongsangnam-do,경상남도,㎡,101,By Administrative District,경남
소재지(시군구)별,2007719820,15315HJG015,A,㎡,16315T2008_0012,DT_1YL21291E,도시지역면적,도시지역면적(시도/시/군/구),2018,,Gyeongsangnam-do,경상남도,㎡,101,By Administrative District,경남
소재지(시군구)별,2008568781,15315HJG015,A,㎡,16315T2008_0012,DT_1YL21291E,도시지역면적,도시지역면적(시도/시/군/구),2019,,Gyeongsangnam-do,경상남도,㎡,101,By Administrative District,경남
소재지(시군구)별,2004845346,15315HJG015,A,㎡,16315T2008_0012,DT_1YL21291E,도시지역면적,도시지역면적(시도/시/군/구),2020,,Gyeongsangnam-do,경상남도,㎡,101,By Administrative District,경남
소재지(시군구)별,2007710621,15315HJG015,A,㎡,16315T2008_0012,DT_1YL21291E,도시지역면적,도시지역면적(시도/시/군/구),2021,,Gyeongsangnam-do,경상남도,㎡,101,By Administrative District,경남
소재지(시군구)별,2007539323,15315HJG015,A,㎡,16315T2008_0012,DT_1YL21291E,도시지역면적,도시지역면적(시도/시/군/구),2022,,Gyeongsangnam-do,경상남도,㎡,101,By Administrative District,경남
소재지(시군구)별,2009783733,15315HJG015,A,㎡,16315T2008_0012,DT_1YL21291E,도시지역면적,도시지역면적(시도/시/군/구),2023,,Gyeongsangnam-do,경상남도,㎡,101,By Administrative District,경남
소재지(시군구)별,407330822,15315HJG016,A,㎡,16315T2008_0012,DT_1YL21291E,도시지역면적,도시지역면적(시도/시/군/구),2008,,Jeju-do,제주특별자치도,㎡,101,By Administrative District,제주
소재지(시군구)별,407552750,15315HJG016,A,㎡,16315T2008_0012,DT_1YL21291E,도시지역면적,도시지역면적(시도/시/군/구),2009,,Jeju-do,제주특별자치도,㎡,101,By Administrative District,제주
소재지(시군구)별,453171778,15315HJG016,A,㎡,16315T2008_0012,DT_1YL21291E,도시지역면적,도시지역면적(시도/시/군/구),2010,,Jeju-do,제주특별자치도,㎡,101,By Administrative District,제주
소재지(시군구)별,453171778,15315HJG016,A,㎡,16315T2008_0012,DT_1YL21291E,도시지역면적,도시지역면적(시도/시/군/구),2011,,Jeju-do,제주특별자치도,㎡,101,By Administrative District,제주
소재지(시군구)별,453171778,15315HJG016,A,㎡,16315T2008_0012,DT_1YL21291E,도시지역면적,도시지역면적(시도/시/군/구),2012,,Jeju-do,제주특별자치도,㎡,101,By Administrative District,제주
소재지(시군구)별,453171778,15315HJG016,A,㎡,16315T2008_0012,DT_1YL21291E,도시지역면적,도시지역면적(시도/시/군/구),2013,,Jeju-do,제주특별자치도,㎡,101,By Administrative District,제주
소재지(시군구)별,453171778,15315HJG016,A,㎡,16315T2008_0012,DT_1YL21291E,도시지역면적,도시지역면적(시도/시/군/구),2014,,Jeju-do,제주특별자치도,㎡,101,By Administrative District,제주
소재지(시군구)별,453171778,15315HJG016,A,㎡,16315T2008_0012,DT_1YL21291E,도시지역면적,도시지역면적(시도/시/군/구),2015,,Jeju-do,제주특별자치도,㎡,101,By Administrative District,제주
소재지(시군구)별,453171778,15315HJG016,A,㎡,16315T2008_0012,DT_1YL21291E,도시지역면적,도시지역면적(시도/시/군/구),2016,,Jeju-do,제주특별자치도,㎡,101,By Administrative District,제주
소재지(시군구)별,470411358,15315HJG016,A,㎡,16315T2008_0012,DT_1YL21291E,도시지역면적,도시지역면적(시도/시/군/구),2017,,Jeju-do,제주특별자치도,㎡,101,By Administrative District,제주
소재지(시군구)별,470628248,15315HJG016,A,㎡,16315T2008_0012,DT_1YL21291E,도시지역면적,도시지역면적(시도/시/군/구),2018,,Jeju-do,제주특별자치도,㎡,101,By Administrative District,제주
소재지(시군구)별,470628248,15315HJG016,A,㎡,16315T2008_0012,DT_1YL21291E,도시지역면적,도시지역면적(시도/시/군/구),2019,,Jeju-do,제주특별자치도,㎡,101,By Administrative District,제주
소재지(시군구)별,469737358,15315HJG016,A,㎡,16315T2008_0012,DT_1YL21291E,도시지역면적,도시지역면적(시도/시/군/구),2020,,Jeju-do,제주특별자치도,㎡,101,By Administrative District,제주
소재지(시군구)별,469737358,15315HJG016,A,㎡,16315T2008_0012,DT_1YL21291E,도시지역면적,도시지역면적(시도/시/군/구),2021,,Jeju-do,제주특별자치도,㎡,101,By Administrative District,제주
소재지(시군구)별,469737358,15315HJG016,A,㎡,16315T2008_0012,DT_1YL21291E,도시지역면적,도시지역면적(시도/시/군/구),2022,,Jeju-do,제주특별자치도,㎡,101,By Administrative District,제주
소재지(시군구)별,469737358,15315HJG016,A,㎡,16315T2008_0012,DT_1YL21291E,도시지역면적,도시지역면적(시도/시/군/구),2023,,Jeju-do,제주특별자치도,㎡,101,By Administrative District,제주
소재지(시군구)별,139983328,15315HJG017,A,㎡,16315T2008_0012,DT_1YL21291E,도시지역면적,도시지역면적(시도/시/군/구),2012,,Sejong-si,세종특별자치시,㎡,101,By Administrative District,세종
소재지(시군구)별,140413907,15315HJG017,A,㎡,16315T2008_0012,DT_1YL21291E,도시지역면적,도시지역면적(시도/시/군/구),2013,,Sejong-si,세종특별자치시,㎡,101,By Administrative District,세종
소재지(시군구)별,140971318,15315HJG017,A,㎡,16315T2008_0012,DT_1YL21291E,도시지역면적,도시지역면적(시도/시/군/구),2014,,Sejong-si,세종특별자치시,㎡,101,By Administrative District,세종
소재지(시군구)별,140971433,15315HJG017,A,㎡,16315T2008_0012,DT_1YL21291E,도시지역면적,도시지역면적(시도/시/군/구),2015,,Sejong-si,세종특별자치시,㎡,101,By Administrative District,세종
소재지(시군구)별,140971433,15315HJG017,A,㎡,16315T2008_0012,DT_1YL21291E,도시지역면적,도시지역면적(시도/시/군/구),2016,,Sejong-si,세종특별자치시,㎡,101,By Administrative District,세종
소재지(시군구)별,141468621,15315HJG017,A,㎡,16315T2008_0012,DT_1YL21291E,도시지역면적,도시지역면적(시도/시/군/구),2017,,Sejong-si,세종특별자치시,㎡,101,By Administrative District,세종
소재지(시군구)별,142715907,15315HJG017,A,㎡,16315T2008_0012,DT_1YL21291E,도시지역면적,도시지역면적(시도/시/군/구),2018,,Sejong-si,세종특별자치시,㎡,101,By Administrative District,세종
소재지(시군구)별,142715907,15315HJG017,A,㎡,16315T2008_0012,DT_1YL21291E,도시지역면적,도시지역면적(시도/시/군/구),2019,,Sejong-si,세종특별자치시,㎡,101,By Administrative District,세종
소재지(시군구)별,142495482,15315HJG017,A,㎡,16315T2008_0012,DT_1YL21291E,도시지역면적,도시지역면적(시도/시/군/구),2020,,Sejong-si,세종특별자치시,㎡,101,By Administrative District,세종
소재지(시군구)별,143324836,15315HJG017,A,㎡,16315T2008_0012,DT_1YL21291E,도시지역면적,도시지역면적(시도/시/군/구),2021,,Sejong-si,세종특별자치시,㎡,101,By Administrative District,세종
소재지(시군구)별,141833041,15315HJG017,A,㎡,16315T2008_0012,DT_1YL21291E,도시지역면적,도시지역면적(시도/시/군/구),2022,,Sejong-si,세종특별자치시,㎡,101,By Administrative District,세종
소재지(시군구)별,141833041,15315HJG017,A,㎡,16315T2008_0012,DT_1YL21291E,도시지역면적,도시지역면적(시도/시/군/구),2023,,Sejong-si,세종특별자치시,㎡,101,By Administrative District,세종
